2018-03-11, Sentiment Value: 7.00, Bottom band: 8.20,Sprzedajemy po: 723.34
2018-03-12, Sprzedane, 724.41
2018-03-12, Google Sentiment Value: 7.00, Bottom band: 8.20,Top band: 21.40, Zamykam pozycjê po 699.83
2018-03-13, Kupione, 698.15
2018-03-13, Sentiment Value: 7.00, Bottom band: 8.20,Sprzedajemy po: 690.83
2018-03-14, Sprzedane, 691.22
2018-03-14, Google Sentiment Value: 7.00, Bottom band: 8.20,Top band: 21.40, Zamykam pozycjê po 614.29
2018-03-15, Kupione, 614.84
2018-03-15, Sentiment Value: 7.00, Bottom band: 8.20,Sprzedajemy po: 611.30
2018-03-16, Sprzedane, 611.78
2018-03-16, Google Sentiment Value: 7.00, Bottom band: 8.20,Top band: 21.40, Zamykam pozycjê po 601.67
2018-03-17, Kupione, 601.68
2018-03-17, Sentiment Value: 7.00, Bottom band: 8.20,Sprzedajemy po: 552.78
2018-03-18, Sprzedane, 551.64
2018-03-18, Google Sentiment Value: 8.00, Bottom band: 7.63,Top band: 17.97, Zamykam pozycjê po 538.64
2018-03-19, Kupione, 546.63
2018-04-15, Sentiment Value: 6.00, Bottom band: 7.34,Sprzedajemy po: 531.70
2018-04-16, Sprzedane, 532.07
2018-04-16, Google Sentiment Value: 6.00, Bottom band: 7.34,Top band: 10.86, Zamykam pozycjê po 511.15
2018-04-17, Kupione, 511.14
2018-04-17, Sentiment Value: 6.00, Bottom band: 7.34,Sprzedajemy po: 502.89
2018-04-18, Sprzedane, 503.31
2018-04-18, Google Sentiment Value: 6.00, Bottom band: 7.34,Top band: 10.86, Zamykam pozycjê po 524.79
2018-04-19, Kupione, 524.04
2018-04-19, Sentiment Value: 6.00, Bottom band: 7.34,Sprzedajemy po: 567.89
2018-04-20, Sprzedane, 567.99
2018-04-20, Google Sentiment Value: 6.00, Bottom band: 7.34,Top band: 10.86, Zamykam pozycjê po 615.72
2018-04-21, Kupione, 616.00
2018-04-21, Sentiment Value: 6.00, Bottom band: 7.34,Sprzedajemy po: 605.40
2018-04-22, Sprzedane, 606.12
2018-04-22, Google Sentiment Value: 8.00, Bottom band: 7.14,Top band: 10.46, Zamykam pozycjê po 621.86
2018-04-23, Kupione, 621.20
2018-05-27, Sentiment Value: 6.00, Bottom band: 6.49,Sprzedajemy po: 572.67
2018-05-28, Sprzedane, 573.04
2018-05-28, Google Sentiment Value: 6.00, Bottom band: 6.49,Top band: 8.71, Zamykam pozycjê po 516.04
2018-05-29, Kupione, 516.15
2018-05-29, Sentiment Value: 6.00, Bottom band: 6.49,Sprzedajemy po: 565.39
2018-05-30, Sprzedane, 566.83
2018-05-30, Google Sentiment Value: 6.00, Bottom band: 6.49,Top band: 8.71, Zamykam pozycjê po 559.59
2018-05-31, Kupione, 558.50
2018-05-31, Sentiment Value: 6.00, Bottom band: 6.49,Sprzedajemy po: 577.65
2018-06-01, Sprzedane, 578.67
2018-06-01, Google Sentiment Value: 6.00, Bottom band: 6.49,Top band: 8.71, Zamykam pozycjê po 580.04
2018-06-02, Kupione, 580.43
2018-06-02, Sentiment Value: 6.00, Bottom band: 6.49,Sprzedajemy po: 591.81
2018-06-03, Sprzedane, 591.26
2018-06-03, Google Sentiment Value: 6.00, Bottom band: 6.20,Top band: 8.40, Zamykam pozycjê po 618.33
2018-06-04, Kupione, 619.44
2018-06-04, Sentiment Value: 6.00, Bottom band: 6.20,Sprzedajemy po: 592.98
2018-06-05, Sprzedane, 593.41
2018-06-05, Google Sentiment Value: 6.00, Bottom band: 6.20,Top band: 8.40, Zamykam pozycjê po 609.30
2018-06-06, Kupione, 610.26
2018-06-06, Sentiment Value: 6.00, Bottom band: 6.20,Sprzedajemy po: 607.12
2018-06-07, Sprzedane, 607.69
2018-06-07, Google Sentiment Value: 6.00, Bottom band: 6.20,Top band: 8.40, Zamykam pozycjê po 605.19
2018-06-08, Kupione, 605.44
2018-06-08, Sentiment Value: 6.00, Bottom band: 6.20,Sprzedajemy po: 601.08
2018-06-09, Sprzedane, 600.91
2018-06-09, Google Sentiment Value: 6.00, Bottom band: 6.20,Top band: 8.40, Zamykam pozycjê po 597.56
2018-06-10, Kupione, 594.34
2018-06-17, Sentiment Value: 4.00, Bottom band: 5.38,Sprzedajemy po: 500.45
2018-06-18, Sprzedane, 499.38
2018-06-18, Google Sentiment Value: 4.00, Bottom band: 5.38,Top band: 7.62, Zamykam pozycjê po 518.89
2018-06-19, Kupione, 519.02
2018-06-19, Sentiment Value: 4.00, Bottom band: 5.38,Sprzedajemy po: 537.96
2018-06-20, Sprzedane, 538.51
2018-06-20, Google Sentiment Value: 4.00, Bottom band: 5.38,Top band: 7.62, Zamykam pozycjê po 536.27
2018-06-21, Kupione, 536.45
2018-06-21, Sentiment Value: 4.00, Bottom band: 5.38,Sprzedajemy po: 527.37
2018-06-22, Sprzedane, 527.19
2018-06-22, Google Sentiment Value: 4.00, Bottom band: 5.38,Top band: 7.62, Zamykam pozycjê po 465.82
2018-06-23, Kupione, 466.27
2018-06-23, Sentiment Value: 4.00, Bottom band: 5.38,Sprzedajemy po: 474.52
2018-06-24, Sprzedane, 474.77
2018-06-24, Google Sentiment Value: 6.00, Bottom band: 5.38,Top band: 7.62, Zamykam pozycjê po 457.67
2018-06-25, Kupione, 455.94
2018-07-08, Sentiment Value: 5.00, Bottom band: 5.11,Sprzedajemy po: 489.12
2018-07-09, Sprzedane, 488.88
2018-07-09, Google Sentiment Value: 5.00, Bottom band: 5.11,Top band: 6.89, Zamykam pozycjê po 476.68
2018-07-10, Kupione, 476.16
2018-07-10, Sentiment Value: 5.00, Bottom band: 5.11,Sprzedajemy po: 434.42
2018-07-11, Sprzedane, 434.52
2018-07-11, Google Sentiment Value: 5.00, Bottom band: 5.11,Top band: 6.89, Zamykam pozycjê po 446.52
2018-07-12, Kupione, 446.50
2018-07-12, Sentiment Value: 5.00, Bottom band: 5.11,Sprzedajemy po: 430.07
2018-07-13, Sprzedane, 430.74
2018-07-13, Google Sentiment Value: 5.00, Bottom band: 5.11,Top band: 6.89, Zamykam pozycjê po 434.03
2018-07-14, Kupione, 434.51
2018-07-14, Sentiment Value: 5.00, Bottom band: 5.11,Sprzedajemy po: 436.09
2018-07-15, Sprzedane, 435.88
2018-07-15, Google Sentiment Value: 5.00, Bottom band: 4.93,Top band: 6.67, Zamykam pozycjê po 449.85
2018-07-16, Kupione, 450.42
2018-07-29, Sentiment Value: 3.00, Bottom band: 4.30,Sprzedajemy po: 466.67
2018-07-30, Sprzedane, 466.83
2018-07-30, Google Sentiment Value: 3.00, Bottom band: 4.30,Top band: 6.30, Zamykam pozycjê po 457.08
2018-07-31, Kupione, 457.24
2018-07-31, Sentiment Value: 3.00, Bottom band: 4.30,Sprzedajemy po: 433.87
2018-08-01, Sprzedane, 433.87
2018-08-01, Google Sentiment Value: 3.00, Bottom band: 4.30,Top band: 6.30, Zamykam pozycjê po 420.75
2018-08-02, Kupione, 420.81
2018-08-02, Sentiment Value: 3.00, Bottom band: 4.30,Sprzedajemy po: 412.62
2018-08-03, Sprzedane, 412.57
2018-08-03, Google Sentiment Value: 3.00, Bottom band: 4.30,Top band: 6.30, Zamykam pozycjê po 418.26
2018-08-04, Kupione, 418.24
2018-08-04, Sentiment Value: 3.00, Bottom band: 4.30,Sprzedajemy po: 407.25
2018-08-05, Sprzedane, 407.35
2018-08-05, Google Sentiment Value: 5.00, Bottom band: 4.22,Top band: 6.18, Zamykam pozycjê po 410.52
2018-08-06, Kupione, 410.57
2018-08-12, Sentiment Value: 7.00, Top band: 6.40,Kupujemy po: 319.57
2018-08-13, Nie uda³o siê zrealizowaæ zamówienia
2018-08-13, Sentiment Value: 7.00, Top band: 6.40,Kupujemy po: 286.49
2018-08-14, Nie uda³o siê zrealizowaæ zamówienia
2018-08-14, Sentiment Value: 7.00, Top band: 6.40,Kupujemy po: 278.93
2018-08-15, Nie uda³o siê zrealizowaæ zamówienia
2018-08-15, Sentiment Value: 7.00, Top band: 6.40,Kupujemy po: 282.36
2018-08-16, Nie uda³o siê zrealizowaæ zamówienia
2018-08-16, Sentiment Value: 7.00, Top band: 6.40,Kupujemy po: 288.05
2018-08-17, Nie uda³o siê zrealizowaæ zamówienia
2018-08-17, Sentiment Value: 7.00, Top band: 6.40,Kupujemy po: 315.73
2018-08-18, Nie uda³o siê zrealizowaæ zamówienia
2018-08-18, Sentiment Value: 7.00, Top band: 6.40,Kupujemy po: 295.81
2018-08-19, Nie uda³o siê zrealizowaæ zamówienia
2018-08-26, Sentiment Value: 4.00, Bottom band: 4.20,Sprzedajemy po: 275.20
2018-08-27, Sprzedane, 275.35
2018-08-27, Google Sentiment Value: 4.00, Bottom band: 4.20,Top band: 6.40, Zamykam pozycjê po 285.60
2018-08-28, Kupione, 286.65
2018-08-28, Sentiment Value: 4.00, Bottom band: 4.20,Sprzedajemy po: 296.50
2018-08-29, Sprzedane, 296.16
2018-08-29, Google Sentiment Value: 4.00, Bottom band: 4.20,Top band: 6.40, Zamykam pozycjê po 289.31
2018-08-30, Kupione, 289.75
2018-08-30, Sentiment Value: 4.00, Bottom band: 4.20,Sprzedajemy po: 284.11
2018-08-31, Sprzedane, 284.12
2018-08-31, Google Sentiment Value: 4.00, Bottom band: 4.20,Top band: 6.40, Zamykam pozycjê po 283.00
2018-09-01, Kupione, 283.50
2018-09-01, Sentiment Value: 4.00, Bottom band: 4.20,Sprzedajemy po: 295.34
2018-09-02, Sprzedane, 295.45
2018-09-02, Google Sentiment Value: 6.00, Bottom band: 4.20,Top band: 6.40, Zamykam pozycjê po 294.37
2018-09-03, Kupione, 295.18
2018-09-09, Sentiment Value: 7.00, Top band: 6.60,Kupujemy po: 196.92
2018-09-10, Kupione, 197.85
2018-09-10, Google Sentiment Value: 7.00, Bottom band: 4.20,Top band: 6.60, Zamykam pozycjê po 197.08
2018-09-11, Sprzedane, 198.18
2018-09-11, Sentiment Value: 7.00, Top band: 6.60,Kupujemy po: 185.07
2018-09-12, Kupione, 185.42
2018-09-12, Google Sentiment Value: 7.00, Bottom band: 4.20,Top band: 6.60, Zamykam pozycjê po 183.33
2018-09-13, Sprzedane, 183.68
2018-09-13, Sentiment Value: 7.00, Top band: 6.60,Kupujemy po: 211.35
2018-09-14, Nie uda³o siê zrealizowaæ zamówienia
2018-09-14, Sentiment Value: 7.00, Top band: 6.60,Kupujemy po: 211.75
2018-09-15, Nie uda³o siê zrealizowaæ zamówienia
2018-09-15, Sentiment Value: 7.00, Top band: 6.60,Kupujemy po: 223.07
2018-09-16, Nie uda³o siê zrealizowaæ zamówienia
2018-09-16, Sentiment Value: 4.00, Bottom band: 4.03,Sprzedajemy po: 220.59
2018-09-17, Sprzedane, 221.58
2018-09-17, Google Sentiment Value: 4.00, Bottom band: 4.03,Top band: 6.57, Zamykam pozycjê po 197.88
2018-09-18, Kupione, 197.10
2018-09-18, Sentiment Value: 4.00, Bottom band: 4.03,Sprzedajemy po: 209.98
2018-09-19, Sprzedane, 209.47
2018-09-19, Google Sentiment Value: 4.00, Bottom band: 4.03,Top band: 6.57, Zamykam pozycjê po 209.97
2018-09-20, Kupione, 210.29
2018-09-20, Sentiment Value: 4.00, Bottom band: 4.03,Sprzedajemy po: 224.59
2018-09-21, Sprzedane, 225.25
2018-09-21, Google Sentiment Value: 4.00, Bottom band: 4.03,Top band: 6.57, Zamykam pozycjê po 246.58
2018-09-22, Kupione, 247.34
2018-09-22, Sentiment Value: 4.00, Bottom band: 4.03,Sprzedajemy po: 240.48
2018-09-23, Sprzedane, 240.99
2018-09-23, Google Sentiment Value: 4.00, Bottom band: 3.87,Top band: 6.53, Zamykam pozycjê po 244.33
2018-09-24, Kupione, 244.84
2018-10-28, Sentiment Value: 3.00, Bottom band: 3.29,Sprzedajemy po: 205.37
2018-10-29, Sprzedane, 205.17
2018-10-29, Google Sentiment Value: 3.00, Bottom band: 3.29,Top band: 5.51, Zamykam pozycjê po 197.25
2018-10-30, Kupione, 197.20
2018-10-30, Sentiment Value: 3.00, Bottom band: 3.29,Sprzedajemy po: 197.56
2018-10-31, Sprzedane, 197.65
2018-10-31, Google Sentiment Value: 3.00, Bottom band: 3.29,Top band: 5.51, Zamykam pozycjê po 197.38
2018-11-01, Kupione, 197.54
2018-11-01, Sentiment Value: 3.00, Bottom band: 3.29,Sprzedajemy po: 198.87
2018-11-02, Sprzedane, 198.98
2018-11-02, Google Sentiment Value: 3.00, Bottom band: 3.29,Top band: 5.51, Zamykam pozycjê po 200.63
2018-11-03, Kupione, 200.74
2018-11-03, Sentiment Value: 3.00, Bottom band: 3.29,Sprzedajemy po: 200.19
2018-11-04, Sprzedane, 200.16
2018-11-04, Google Sentiment Value: 4.00, Bottom band: 3.29,Top band: 5.51, Zamykam pozycjê po 207.49
2018-11-05, Kupione, 207.10
2018-11-18, Sentiment Value: 5.00, Top band: 4.45,Kupujemy po: 177.07
2018-11-19, Kupione, 177.18
2018-11-19, Google Sentiment Value: 5.00, Bottom band: 3.55,Top band: 4.45, Zamykam pozycjê po 149.18
2018-11-20, Sprzedane, 148.81
2018-11-20, Sentiment Value: 5.00, Top band: 4.45,Kupujemy po: 130.34
2018-11-21, Kupione, 131.14
2018-11-21, Google Sentiment Value: 5.00, Bottom band: 3.55,Top band: 4.45, Zamykam pozycjê po 136.70
2018-11-22, Sprzedane, 136.81
2018-11-22, Sentiment Value: 5.00, Top band: 4.45,Kupujemy po: 126.71
2018-11-23, Kupione, 126.42
2018-11-23, Google Sentiment Value: 5.00, Bottom band: 3.55,Top band: 4.45, Zamykam pozycjê po 123.30
2018-11-24, Sprzedane, 123.30
2018-11-24, Sentiment Value: 5.00, Top band: 4.45,Kupujemy po: 113.49
2018-11-25, Kupione, 113.13
2018-11-25, Google Sentiment Value: 3.00, Bottom band: 3.36,Top band: 4.44, Zamykam pozycjê po 116.45
2018-11-26, Sprzedane, 116.34
2018-11-26, Sentiment Value: 3.00, Bottom band: 3.36,Sprzedajemy po: 108.33
2018-11-27, Sprzedane, 107.91
2018-11-27, Google Sentiment Value: 3.00, Bottom band: 3.36,Top band: 4.44, Zamykam pozycjê po 110.01
2018-11-28, Kupione, 110.20
2018-11-28, Sentiment Value: 3.00, Bottom band: 3.36,Sprzedajemy po: 122.44
2018-11-29, Sprzedane, 122.72
2018-11-29, Google Sentiment Value: 3.00, Bottom band: 3.36,Top band: 4.44, Zamykam pozycjê po 117.54
2018-11-30, Kupione, 117.73
2018-11-30, Sentiment Value: 3.00, Bottom band: 3.36,Sprzedajemy po: 113.17
2018-12-01, Sprzedane, 113.40
2018-12-01, Google Sentiment Value: 3.00, Bottom band: 3.36,Top band: 4.44, Zamykam pozycjê po 118.64
2018-12-02, Kupione, 118.27
2018-12-30, Sentiment Value: 6.00, Top band: 4.93,Kupujemy po: 139.86
2018-12-31, Kupione, 140.03
2018-12-31, Google Sentiment Value: 6.00, Bottom band: 3.27,Top band: 4.93, Zamykam pozycjê po 133.37
2019-01-01, Sprzedane, 133.42
2019-01-01, Sentiment Value: 6.00, Top band: 4.93,Kupujemy po: 140.82
2019-01-02, Kupione, 141.52
2019-01-02, Google Sentiment Value: 6.00, Bottom band: 3.27,Top band: 4.93, Zamykam pozycjê po 155.05
2019-01-03, Sprzedane, 155.20
2019-01-03, Sentiment Value: 6.00, Top band: 4.93,Kupujemy po: 149.14
2019-01-04, Kupione, 148.91
2019-01-04, Google Sentiment Value: 6.00, Bottom band: 3.27,Top band: 4.93, Zamykam pozycjê po 154.58
2019-01-05, Sprzedane, 154.34
2019-01-05, Sentiment Value: 6.00, Top band: 4.93,Kupujemy po: 155.64
2019-01-06, Kupione, 155.80
2019-01-06, Google Sentiment Value: 6.00, Bottom band: 3.48,Top band: 5.32, Zamykam pozycjê po 157.75
2019-01-07, Sprzedane, 157.81
2019-01-07, Sentiment Value: 6.00, Top band: 5.32,Kupujemy po: 151.70
2019-01-08, Kupione, 151.97
2019-01-08, Google Sentiment Value: 6.00, Bottom band: 3.48,Top band: 5.32, Zamykam pozycjê po 150.36
2019-01-09, Sprzedane, 150.55
2019-01-09, Sentiment Value: 6.00, Top band: 5.32,Kupujemy po: 150.80
2019-01-10, Kupione, 150.84
2019-01-10, Google Sentiment Value: 6.00, Bottom band: 3.48,Top band: 5.32, Zamykam pozycjê po 128.63
2019-01-11, Sprzedane, 127.81
2019-01-11, Sentiment Value: 6.00, Top band: 5.32,Kupujemy po: 127.55
2019-01-12, Kupione, 127.53
2019-01-12, Google Sentiment Value: 6.00, Bottom band: 3.48,Top band: 5.32, Zamykam pozycjê po 125.97
2019-01-13, Sprzedane, 125.91
2019-01-27, Sentiment Value: 3.00, Bottom band: 3.38,Sprzedajemy po: 113.41
2019-01-28, Sprzedane, 113.29
2019-01-28, Google Sentiment Value: 3.00, Bottom band: 3.38,Top band: 5.42, Zamykam pozycjê po 106.59
2019-01-29, Kupione, 106.72
2019-01-29, Sentiment Value: 3.00, Bottom band: 3.38,Sprzedajemy po: 105.60
2019-01-30, Sprzedane, 105.41
2019-01-30, Google Sentiment Value: 3.00, Bottom band: 3.38,Top band: 5.42, Zamykam pozycjê po 108.91
2019-01-31, Kupione, 108.90
2019-01-31, Sentiment Value: 3.00, Bottom band: 3.38,Sprzedajemy po: 107.06
2019-02-01, Sprzedane, 107.15
2019-02-01, Google Sentiment Value: 3.00, Bottom band: 3.38,Top band: 5.42, Zamykam pozycjê po 107.61
2019-02-02, Kupione, 107.47
2019-02-02, Sentiment Value: 3.00, Bottom band: 3.38,Sprzedajemy po: 110.43
2019-02-03, Sprzedane, 110.49
2019-02-03, Google Sentiment Value: 4.00, Bottom band: 3.58,Top band: 5.42, Zamykam pozycjê po 107.49
2019-02-04, Kupione, 107.63
2019-02-10, Sentiment Value: 3.00, Bottom band: 3.38,Sprzedajemy po: 124.81
2019-02-11, Sprzedane, 124.87
2019-02-11, Google Sentiment Value: 3.00, Bottom band: 3.38,Top band: 5.42, Zamykam pozycjê po 121.30
2019-02-12, Kupione, 121.18
2019-02-12, Sentiment Value: 3.00, Bottom band: 3.38,Sprzedajemy po: 122.57
2019-02-13, Sprzedane, 122.54
2019-02-13, Google Sentiment Value: 3.00, Bottom band: 3.38,Top band: 5.42, Zamykam pozycjê po 122.55
2019-02-14, Kupione, 122.42
2019-02-14, Sentiment Value: 3.00, Bottom band: 3.38,Sprzedajemy po: 121.39
2019-02-15, Sprzedane, 121.45
2019-02-15, Google Sentiment Value: 3.00, Bottom band: 3.38,Top band: 5.42, Zamykam pozycjê po 122.10
2019-02-16, Kupione, 122.40
2019-02-16, Sentiment Value: 3.00, Bottom band: 3.38,Sprzedajemy po: 123.26
2019-02-17, Sprzedane, 123.18
2019-02-17, Google Sentiment Value: 5.00, Bottom band: 3.48,Top band: 5.52, Zamykam pozycjê po 133.60
2019-02-18, Kupione, 133.03
2019-03-03, Sentiment Value: 3.00, Bottom band: 3.29,Sprzedajemy po: 132.25
2019-03-04, Sprzedane, 132.16
2019-03-04, Google Sentiment Value: 3.00, Bottom band: 3.29,Top band: 5.51, Zamykam pozycjê po 127.77
2019-03-05, Kupione, 127.79
2019-03-05, Sentiment Value: 3.00, Bottom band: 3.29,Sprzedajemy po: 137.82
2019-03-06, Sprzedane, 137.96
2019-03-06, Google Sentiment Value: 3.00, Bottom band: 3.29,Top band: 5.51, Zamykam pozycjê po 138.79
2019-03-07, Kupione, 138.94
2019-03-07, Sentiment Value: 3.00, Bottom band: 3.29,Sprzedajemy po: 138.03
2019-03-08, Sprzedane, 138.31
2019-03-08, Google Sentiment Value: 3.00, Bottom band: 3.29,Top band: 5.51, Zamykam pozycjê po 135.13
2019-03-09, Kupione, 134.89
2019-03-09, Sentiment Value: 3.00, Bottom band: 3.29,Sprzedajemy po: 137.97
2019-03-10, Sprzedane, 138.18
2019-03-10, Google Sentiment Value: 3.00, Bottom band: 3.06,Top band: 5.14, Zamykam pozycjê po 136.76
2019-03-11, Kupione, 136.85
2019-03-11, Sentiment Value: 3.00, Bottom band: 3.06,Sprzedajemy po: 133.83
2019-03-12, Sprzedane, 134.01
2019-03-12, Google Sentiment Value: 3.00, Bottom band: 3.06,Top band: 5.14, Zamykam pozycjê po 134.44
2019-03-13, Kupione, 134.61
2019-03-13, Sentiment Value: 3.00, Bottom band: 3.06,Sprzedajemy po: 133.26
2019-03-14, Sprzedane, 133.20
2019-03-14, Google Sentiment Value: 3.00, Bottom band: 3.06,Top band: 5.14, Zamykam pozycjê po 133.71
2019-03-15, Kupione, 133.57
2019-03-15, Sentiment Value: 3.00, Bottom band: 3.06,Sprzedajemy po: 137.69
2019-03-16, Sprzedane, 137.91
2019-03-16, Google Sentiment Value: 3.00, Bottom band: 3.06,Top band: 5.14, Zamykam pozycjê po 142.40
2019-03-17, Kupione, 142.24
2019-03-24, Sentiment Value: 2.00, Bottom band: 2.58,Sprzedajemy po: 136.99
2019-03-25, Sprzedane, 137.08
2019-03-25, Google Sentiment Value: 2.00, Bottom band: 2.58,Top band: 4.42, Zamykam pozycjê po 135.03
2019-03-26, Kupione, 135.05
2019-03-26, Sentiment Value: 2.00, Bottom band: 2.58,Sprzedajemy po: 135.46
2019-03-27, Sprzedane, 135.45
2019-03-27, Google Sentiment Value: 2.00, Bottom band: 2.58,Top band: 4.42, Zamykam pozycjê po 140.99
2019-03-28, Kupione, 141.01
2019-03-28, Sentiment Value: 2.00, Bottom band: 2.58,Sprzedajemy po: 139.42
2019-03-29, Sprzedane, 139.34
2019-03-29, Google Sentiment Value: 2.00, Bottom band: 2.58,Top band: 4.42, Zamykam pozycjê po 142.50
2019-03-30, Kupione, 142.36
2019-03-30, Sentiment Value: 2.00, Bottom band: 2.58,Sprzedajemy po: 142.09
2019-03-31, Sprzedane, 142.14
2019-03-31, Google Sentiment Value: 8.00, Bottom band: 2.20,Top band: 5.40, Zamykam pozycjê po 141.51
2019-04-01, Kupione, 141.47
2019-04-01, Sentiment Value: 8.00, Top band: 5.40,Kupujemy po: 141.83
2019-04-02, Kupione, 141.84
2019-04-02, Google Sentiment Value: 8.00, Bottom band: 2.20,Top band: 5.40, Zamykam pozycjê po 163.96
2019-04-03, Sprzedane, 164.01
2019-04-03, Sentiment Value: 8.00, Top band: 5.40,Kupujemy po: 161.46
2019-04-04, Kupione, 161.43
2019-04-04, Google Sentiment Value: 8.00, Bottom band: 2.20,Top band: 5.40, Zamykam pozycjê po 158.05
2019-04-05, Sprzedane, 158.02
2019-04-05, Sentiment Value: 8.00, Top band: 5.40,Kupujemy po: 165.51
2019-04-06, Nie uda³o siê zrealizowaæ zamówienia
2019-04-06, Sentiment Value: 8.00, Top band: 5.40,Kupujemy po: 165.95
2019-04-07, Nie uda³o siê zrealizowaæ zamówienia
2019-04-21, Sentiment Value: 2.00, Bottom band: 2.02,Sprzedajemy po: 170.05
2019-04-22, Sprzedane, 170.02
2019-04-22, Google Sentiment Value: 2.00, Bottom band: 2.02,Top band: 5.38, Zamykam pozycjê po 171.87
2019-04-23, Kupione, 172.01
2019-04-23, Sentiment Value: 2.00, Bottom band: 2.02,Sprzedajemy po: 171.45
2019-04-24, Sprzedane, 171.35
2019-04-24, Google Sentiment Value: 2.00, Bottom band: 2.02,Top band: 5.38, Zamykam pozycjê po 165.83
2019-04-25, Kupione, 165.91
2019-04-25, Sentiment Value: 2.00, Bottom band: 2.02,Sprzedajemy po: 154.46
2019-04-26, Sprzedane, 154.58
2019-04-26, Google Sentiment Value: 2.00, Bottom band: 2.02,Top band: 5.38, Zamykam pozycjê po 156.35
2019-04-27, Kupione, 156.27
2019-04-27, Sentiment Value: 2.00, Bottom band: 2.02,Sprzedajemy po: 158.43
2019-04-28, Sprzedane, 158.50
2019-04-28, Google Sentiment Value: 4.00, Bottom band: 1.98,Top band: 5.22, Zamykam pozycjê po 157.30
2019-04-29, Kupione, 157.29
2019-05-12, Sentiment Value: 6.00, Top band: 5.66,Kupujemy po: 187.33
2019-05-13, Nie uda³o siê zrealizowaæ zamówienia
2019-05-13, Sentiment Value: 6.00, Top band: 5.66,Kupujemy po: 196.85
2019-05-14, Nie uda³o siê zrealizowaæ zamówienia
2019-05-14, Sentiment Value: 6.00, Top band: 5.66,Kupujemy po: 217.15
2019-05-15, Nie uda³o siê zrealizowaæ zamówienia
2019-05-15, Sentiment Value: 6.00, Top band: 5.66,Kupujemy po: 247.15
2019-05-16, Nie uda³o siê zrealizowaæ zamówienia
2019-05-16, Sentiment Value: 6.00, Top band: 5.66,Kupujemy po: 264.01
2019-05-17, Nie uda³o siê zrealizowaæ zamówienia
2019-05-17, Sentiment Value: 6.00, Top band: 5.66,Kupujemy po: 243.76
2019-05-18, Nie uda³o siê zrealizowaæ zamówienia
2019-05-18, Sentiment Value: 6.00, Top band: 5.66,Kupujemy po: 234.60
2019-05-19, Nie uda³o siê zrealizowaæ zamówienia
2019-06-23, Sentiment Value: 6.00, Top band: 5.37,Kupujemy po: 307.83
2019-06-24, Nie uda³o siê zrealizowaæ zamówienia
2019-06-24, Sentiment Value: 6.00, Top band: 5.37,Kupujemy po: 310.42
2019-06-25, Nie uda³o siê zrealizowaæ zamówienia
2019-06-25, Sentiment Value: 6.00, Top band: 5.37,Kupujemy po: 318.13
2019-06-26, Nie uda³o siê zrealizowaæ zamówienia
2019-06-26, Sentiment Value: 6.00, Top band: 5.37,Kupujemy po: 336.75
2019-06-27, Nie uda³o siê zrealizowaæ zamówienia
2019-06-27, Sentiment Value: 6.00, Top band: 5.37,Kupujemy po: 294.27
2019-06-28, Nie uda³o siê zrealizowaæ zamówienia
2019-06-28, Sentiment Value: 6.00, Top band: 5.37,Kupujemy po: 311.23
2019-06-29, Nie uda³o siê zrealizowaæ zamówienia
2019-06-29, Sentiment Value: 6.00, Top band: 5.37,Kupujemy po: 320.06
2019-06-30, Nie uda³o siê zrealizowaæ zamówienia
2019-06-30, Sentiment Value: 6.00, Top band: 5.62,Kupujemy po: 290.70
2019-07-01, Nie uda³o siê zrealizowaæ zamówienia
2019-07-01, Sentiment Value: 6.00, Top band: 5.62,Kupujemy po: 293.64
2019-07-02, Nie uda³o siê zrealizowaæ zamówienia
2019-07-02, Sentiment Value: 6.00, Top band: 5.62,Kupujemy po: 291.60
2019-07-03, Nie uda³o siê zrealizowaæ zamówienia
2019-07-03, Sentiment Value: 6.00, Top band: 5.62,Kupujemy po: 303.10
2019-07-04, Nie uda³o siê zrealizowaæ zamówienia
2019-07-04, Sentiment Value: 6.00, Top band: 5.62,Kupujemy po: 284.52
2019-07-05, Nie uda³o siê zrealizowaæ zamówienia
2019-07-05, Sentiment Value: 6.00, Top band: 5.62,Kupujemy po: 288.00
2019-07-06, Nie uda³o siê zrealizowaæ zamówienia
2019-07-06, Sentiment Value: 6.00, Top band: 5.62,Kupujemy po: 287.55
2019-07-07, Nie uda³o siê zrealizowaæ zamówienia
2019-07-28, Sentiment Value: 3.00, Bottom band: 3.30,Sprzedajemy po: 211.19
2019-07-29, Sprzedane, 211.12
2019-07-29, Google Sentiment Value: 3.00, Bottom band: 3.30,Top band: 5.30, Zamykam pozycjê po 211.27
2019-07-30, Kupione, 211.34
2019-07-30, Sentiment Value: 3.00, Bottom band: 3.30,Sprzedajemy po: 210.52
2019-07-31, Sprzedane, 210.49
2019-07-31, Google Sentiment Value: 3.00, Bottom band: 3.30,Top band: 5.30, Zamykam pozycjê po 218.65
2019-08-01, Kupione, 218.55
2019-08-01, Sentiment Value: 3.00, Bottom band: 3.30,Sprzedajemy po: 217.81
2019-08-02, Sprzedane, 217.88
2019-08-02, Google Sentiment Value: 3.00, Bottom band: 3.30,Top band: 5.30, Zamykam pozycjê po 217.87
2019-08-03, Kupione, 217.90
2019-08-03, Sentiment Value: 3.00, Bottom band: 3.30,Sprzedajemy po: 222.49
2019-08-04, Sprzedane, 222.58
2019-08-04, Google Sentiment Value: 3.00, Bottom band: 3.06,Top band: 5.14, Zamykam pozycjê po 222.67
2019-08-05, Kupione, 222.65
2019-08-05, Sentiment Value: 3.00, Bottom band: 3.06,Sprzedajemy po: 234.22
2019-08-06, Sprzedane, 234.25
2019-08-06, Google Sentiment Value: 3.00, Bottom band: 3.06,Top band: 5.14, Zamykam pozycjê po 226.02
2019-08-07, Kupione, 225.93
2019-08-07, Sentiment Value: 3.00, Bottom band: 3.06,Sprzedajemy po: 226.39
2019-08-08, Sprzedane, 226.52
2019-08-08, Google Sentiment Value: 3.00, Bottom band: 3.06,Top band: 5.14, Zamykam pozycjê po 220.94
2019-08-09, Kupione, 220.91
2019-08-09, Sentiment Value: 3.00, Bottom band: 3.06,Sprzedajemy po: 210.49
2019-08-10, Sprzedane, 210.53
2019-08-10, Google Sentiment Value: 3.00, Bottom band: 3.06,Top band: 5.14, Zamykam pozycjê po 206.73
2019-08-11, Kupione, 206.73
2019-09-15, Sentiment Value: 5.00, Top band: 4.48,Kupujemy po: 189.79
2019-09-16, Nie uda³o siê zrealizowaæ zamówienia
2019-09-16, Sentiment Value: 5.00, Top band: 4.48,Kupujemy po: 197.11
2019-09-17, Nie uda³o siê zrealizowaæ zamówienia
2019-09-17, Sentiment Value: 5.00, Top band: 4.48,Kupujemy po: 208.61
2019-09-18, Nie uda³o siê zrealizowaæ zamówienia
2019-09-18, Sentiment Value: 5.00, Top band: 4.48,Kupujemy po: 211.39
2019-09-19, Nie uda³o siê zrealizowaæ zamówienia
2019-09-19, Sentiment Value: 5.00, Top band: 4.48,Kupujemy po: 221.28
2019-09-20, Nie uda³o siê zrealizowaæ zamówienia
2019-09-20, Sentiment Value: 5.00, Top band: 4.48,Kupujemy po: 218.05
2019-09-21, Nie uda³o siê zrealizowaæ zamówienia
2019-09-21, Sentiment Value: 5.00, Top band: 4.48,Kupujemy po: 215.52
2019-09-22, Nie uda³o siê zrealizowaæ zamówienia
2019-09-22, Sentiment Value: 5.00, Top band: 4.67,Kupujemy po: 211.55
2019-09-23, Nie uda³o siê zrealizowaæ zamówienia
2019-09-23, Sentiment Value: 5.00, Top band: 4.67,Kupujemy po: 201.92
2019-09-24, Nie uda³o siê zrealizowaæ zamówienia
2019-09-24, Sentiment Value: 5.00, Top band: 4.67,Kupujemy po: 168.11
2019-09-25, Kupione, 168.13
2019-09-25, Google Sentiment Value: 5.00, Bottom band: 2.93,Top band: 4.67, Zamykam pozycjê po 170.89
2019-09-26, Sprzedane, 170.76
2019-09-26, Sentiment Value: 5.00, Top band: 4.67,Kupujemy po: 166.73
2019-09-27, Kupione, 166.65
2019-09-27, Google Sentiment Value: 5.00, Bottom band: 2.93,Top band: 4.67, Zamykam pozycjê po 174.71
2019-09-28, Sprzedane, 174.68
2019-09-28, Sentiment Value: 5.00, Top band: 4.67,Kupujemy po: 174.57
2019-09-29, Kupione, 174.61
2019-09-29, Google Sentiment Value: 4.00, Bottom band: 2.93,Top band: 4.67, Zamykam pozycjê po 170.50
2019-09-30, Sprzedane, 170.46
2019-11-10, Sentiment Value: 3.00, Bottom band: 3.05,Sprzedajemy po: 189.48
2019-11-11, Sprzedane, 189.50
2019-11-11, Google Sentiment Value: 3.00, Bottom band: 3.05,Top band: 4.55, Zamykam pozycjê po 185.49
2019-11-12, Kupione, 185.56
2019-11-12, Sentiment Value: 3.00, Bottom band: 3.05,Sprzedajemy po: 186.84
2019-11-13, Sprzedane, 186.94
2019-11-13, Google Sentiment Value: 3.00, Bottom band: 3.05,Top band: 4.55, Zamykam pozycjê po 188.26
2019-11-14, Kupione, 188.27
2019-11-14, Sentiment Value: 3.00, Bottom band: 3.05,Sprzedajemy po: 186.00
2019-11-15, Sprzedane, 186.06
2019-11-15, Google Sentiment Value: 3.00, Bottom band: 3.05,Top band: 4.55, Zamykam pozycjê po 180.52
2019-11-16, Kupione, 180.50
2019-11-16, Sentiment Value: 3.00, Bottom band: 3.05,Sprzedajemy po: 183.35
2019-11-17, Sprzedane, 183.35
2019-11-17, Google Sentiment Value: 4.00, Bottom band: 3.20,Top band: 4.60, Zamykam pozycjê po 185.12
2019-11-18, Kupione, 185.04
2019-12-01, Sentiment Value: 3.00, Bottom band: 3.11,Sprzedajemy po: 151.19
2019-12-02, Sprzedane, 151.18
2019-12-02, Google Sentiment Value: 3.00, Bottom band: 3.11,Top band: 4.09, Zamykam pozycjê po 149.06
2019-12-03, Kupione, 149.06
2019-12-03, Sentiment Value: 3.00, Bottom band: 3.11,Sprzedajemy po: 147.96
2019-12-04, Sprzedane, 147.92
2019-12-04, Google Sentiment Value: 3.00, Bottom band: 3.11,Top band: 4.09, Zamykam pozycjê po 146.75
2019-12-05, Kupione, 146.69
2019-12-05, Sentiment Value: 3.00, Bottom band: 3.11,Sprzedajemy po: 149.25
2019-12-06, Sprzedane, 149.40
2019-12-06, Google Sentiment Value: 3.00, Bottom band: 3.11,Top band: 4.09, Zamykam pozycjê po 149.19
2019-12-07, Kupione, 149.20
2019-12-07, Sentiment Value: 3.00, Bottom band: 3.11,Sprzedajemy po: 148.77
2019-12-08, Sprzedane, 148.74
2019-12-08, Google Sentiment Value: 3.00, Bottom band: 3.00,Top band: 4.00, Zamykam pozycjê po 151.26
2019-12-09, Kupione, 151.22
2019-12-29, Sentiment Value: 5.00, Top band: 4.40,Kupujemy po: 134.76
2019-12-30, Kupione, 134.80
2019-12-30, Google Sentiment Value: 5.00, Bottom band: 3.20,Top band: 4.40, Zamykam pozycjê po 132.63
2019-12-31, Sprzedane, 132.61
2019-12-31, Sentiment Value: 5.00, Top band: 4.40,Kupujemy po: 129.61
2020-01-01, Kupione, 129.63
2020-01-01, Google Sentiment Value: 5.00, Bottom band: 3.20,Top band: 4.40, Zamykam pozycjê po 130.80
2020-01-02, Sprzedane, 130.82
2020-01-02, Sentiment Value: 5.00, Top band: 4.40,Kupujemy po: 127.41
2020-01-03, Kupione, 127.41
2020-01-03, Google Sentiment Value: 5.00, Bottom band: 3.20,Top band: 4.40, Zamykam pozycjê po 134.17
2020-01-04, Sprzedane, 134.17
2020-01-04, Sentiment Value: 5.00, Top band: 4.40,Kupujemy po: 135.07
2020-01-05, Kupione, 135.07
2020-01-05, Google Sentiment Value: 4.00, Bottom band: 3.20,Top band: 4.40, Zamykam pozycjê po 136.28
2020-01-06, Sprzedane, 136.31
2020-01-12, Sentiment Value: 5.00, Top band: 4.60,Kupujemy po: 145.87
2020-01-13, Kupione, 146.22
2020-01-13, Google Sentiment Value: 5.00, Bottom band: 3.20,Top band: 4.60, Zamykam pozycjê po 144.23
2020-01-14, Sprzedane, 144.25
2020-01-14, Sentiment Value: 5.00, Top band: 4.60,Kupujemy po: 165.96
2020-01-15, Kupione, 165.73
2020-01-15, Google Sentiment Value: 5.00, Bottom band: 3.20,Top band: 4.60, Zamykam pozycjê po 166.23
2020-01-16, Sprzedane, 166.33
2020-01-16, Sentiment Value: 5.00, Top band: 4.60,Kupujemy po: 164.39
2020-01-17, Kupione, 164.49
2020-01-17, Google Sentiment Value: 5.00, Bottom band: 3.20,Top band: 4.60, Zamykam pozycjê po 170.78
2020-01-18, Sprzedane, 170.75
2020-01-18, Sentiment Value: 5.00, Top band: 4.60,Kupujemy po: 175.37
2020-01-19, Kupione, 175.47
2020-01-19, Google Sentiment Value: 5.00, Bottom band: 3.40,Top band: 4.80, Zamykam pozycjê po 166.97
2020-01-20, Sprzedane, 166.90
2020-01-20, Sentiment Value: 5.00, Top band: 4.80,Kupujemy po: 167.12
2020-01-21, Kupione, 167.06
2020-01-21, Google Sentiment Value: 5.00, Bottom band: 3.40,Top band: 4.80, Zamykam pozycjê po 169.70
2020-01-22, Sprzedane, 169.61
2020-01-22, Sentiment Value: 5.00, Top band: 4.80,Kupujemy po: 168.29
2020-01-23, Kupione, 168.30
2020-01-23, Google Sentiment Value: 5.00, Bottom band: 3.40,Top band: 4.80, Zamykam pozycjê po 162.93
2020-01-24, Sprzedane, 162.90
2020-01-24, Sentiment Value: 5.00, Top band: 4.80,Kupujemy po: 163.05
2020-01-25, Kupione, 163.07
2020-01-25, Google Sentiment Value: 5.00, Bottom band: 3.40,Top band: 4.80, Zamykam pozycjê po 161.28
2020-01-26, Sprzedane, 161.18
2020-02-02, Sentiment Value: 6.00, Top band: 5.20,Kupujemy po: 188.62
2020-02-03, Nie uda³o siê zrealizowaæ zamówienia
2020-02-03, Sentiment Value: 6.00, Top band: 5.20,Kupujemy po: 189.87
2020-02-04, Nie uda³o siê zrealizowaæ zamówienia
2020-02-04, Sentiment Value: 6.00, Top band: 5.20,Kupujemy po: 189.25
2020-02-05, Nie uda³o siê zrealizowaæ zamówienia
2020-02-05, Sentiment Value: 6.00, Top band: 5.20,Kupujemy po: 204.23
2020-02-06, Nie uda³o siê zrealizowaæ zamówienia
2020-02-06, Sentiment Value: 6.00, Top band: 5.20,Kupujemy po: 212.34
2020-02-07, Nie uda³o siê zrealizowaæ zamówienia
2020-02-07, Sentiment Value: 6.00, Top band: 5.20,Kupujemy po: 222.73
2020-02-08, Nie uda³o siê zrealizowaæ zamówienia
2020-02-08, Sentiment Value: 6.00, Top band: 5.20,Kupujemy po: 223.15
2020-02-09, Nie uda³o siê zrealizowaæ zamówienia
2020-02-09, Sentiment Value: 8.00, Top band: 6.13,Kupujemy po: 228.58
2020-02-10, Nie uda³o siê zrealizowaæ zamówienia
2020-02-10, Sentiment Value: 8.00, Top band: 6.13,Kupujemy po: 223.52
2020-02-11, Nie uda³o siê zrealizowaæ zamówienia
2020-02-11, Sentiment Value: 8.00, Top band: 6.13,Kupujemy po: 235.85
2020-02-12, Nie uda³o siê zrealizowaæ zamówienia
2020-02-12, Sentiment Value: 8.00, Top band: 6.13,Kupujemy po: 265.41
2020-02-13, Nie uda³o siê zrealizowaæ zamówienia
2020-02-13, Sentiment Value: 8.00, Top band: 6.13,Kupujemy po: 268.10
2020-02-14, Nie uda³o siê zrealizowaæ zamówienia
2020-02-14, Sentiment Value: 8.00, Top band: 6.13,Kupujemy po: 284.22
2020-02-15, Nie uda³o siê zrealizowaæ zamówienia
2020-02-15, Sentiment Value: 8.00, Top band: 6.13,Kupujemy po: 264.73
2020-02-16, Nie uda³o siê zrealizowaæ zamówienia
2020-02-16, Sentiment Value: 8.00, Top band: 6.79,Kupujemy po: 259.89
2020-02-17, Nie uda³o siê zrealizowaæ zamówienia
2020-02-17, Sentiment Value: 8.00, Top band: 6.79,Kupujemy po: 266.36
2020-02-18, Nie uda³o siê zrealizowaæ zamówienia
2020-02-18, Sentiment Value: 8.00, Top band: 6.79,Kupujemy po: 281.94
2020-02-19, Nie uda³o siê zrealizowaæ zamówienia
2020-02-19, Sentiment Value: 8.00, Top band: 6.79,Kupujemy po: 259.76
2020-02-20, Nie uda³o siê zrealizowaæ zamówienia
2020-02-20, Sentiment Value: 8.00, Top band: 6.79,Kupujemy po: 257.95
2020-02-21, Nie uda³o siê zrealizowaæ zamówienia
2020-02-21, Sentiment Value: 8.00, Top band: 6.79,Kupujemy po: 265.60
2020-02-22, Nie uda³o siê zrealizowaæ zamówienia
2020-02-22, Sentiment Value: 8.00, Top band: 6.79,Kupujemy po: 262.33
2020-02-23, Nie uda³o siê zrealizowaæ zamówienia
2020-03-29, Sentiment Value: 4.00, Bottom band: 4.53,Sprzedajemy po: 125.58
2020-03-30, Sprzedane, 125.58
2020-03-30, Google Sentiment Value: 4.00, Bottom band: 4.53,Top band: 7.27, Zamykam pozycjê po 132.90
2020-03-31, Kupione, 132.82
2020-03-31, Sentiment Value: 4.00, Bottom band: 4.53,Sprzedajemy po: 133.59
2020-04-01, Sprzedane, 133.61
2020-04-01, Google Sentiment Value: 4.00, Bottom band: 4.53,Top band: 7.27, Zamykam pozycjê po 135.63
2020-04-02, Kupione, 135.73
2020-04-02, Sentiment Value: 4.00, Bottom band: 4.53,Sprzedajemy po: 142.03
2020-04-03, Sprzedane, 142.11
2020-04-03, Google Sentiment Value: 4.00, Bottom band: 4.53,Top band: 7.27, Zamykam pozycjê po 142.09
2020-04-04, Kupione, 142.22
2020-04-04, Sentiment Value: 4.00, Bottom band: 4.53,Sprzedajemy po: 145.22
2020-04-05, Sprzedane, 145.26
2020-04-05, Google Sentiment Value: 6.00, Bottom band: 4.88,Top band: 7.32, Zamykam pozycjê po 143.55
2020-04-06, Kupione, 143.61
2020-04-26, Sentiment Value: 10.00, Top band: 7.61,Kupujemy po: 197.32
2020-04-27, Nie uda³o siê zrealizowaæ zamówienia
2020-04-27, Sentiment Value: 10.00, Top band: 7.61,Kupujemy po: 197.22
2020-04-28, Nie uda³o siê zrealizowaæ zamówienia
2020-04-28, Sentiment Value: 10.00, Top band: 7.61,Kupujemy po: 198.42
2020-04-29, Nie uda³o siê zrealizowaæ zamówienia
2020-04-29, Sentiment Value: 10.00, Top band: 7.61,Kupujemy po: 216.97
2020-04-30, Nie uda³o siê zrealizowaæ zamówienia
2020-04-30, Sentiment Value: 10.00, Top band: 7.61,Kupujemy po: 207.60
2020-05-01, Nie uda³o siê zrealizowaæ zamówienia
2020-05-01, Sentiment Value: 10.00, Top band: 7.61,Kupujemy po: 214.22
2020-05-02, Nie uda³o siê zrealizowaæ zamówienia
2020-05-02, Sentiment Value: 10.00, Top band: 7.61,Kupujemy po: 215.33
2020-05-03, Nie uda³o siê zrealizowaæ zamówienia
2020-06-21, Sentiment Value: 4.00, Bottom band: 4.32,Sprzedajemy po: 228.99
2020-06-22, Sprzedane, 229.00
2020-06-22, Google Sentiment Value: 4.00, Bottom band: 4.32,Top band: 7.48, Zamykam pozycjê po 242.53
2020-06-23, Kupione, 242.54
2020-06-23, Sentiment Value: 4.00, Bottom band: 4.32,Sprzedajemy po: 244.14
2020-06-24, Sprzedane, 244.19
2020-06-24, Google Sentiment Value: 4.00, Bottom band: 4.32,Top band: 7.48, Zamykam pozycjê po 235.77
2020-06-25, Kupione, 235.70
2020-06-25, Sentiment Value: 4.00, Bottom band: 4.32,Sprzedajemy po: 232.94
2020-06-26, Sprzedane, 232.88
2020-06-26, Google Sentiment Value: 4.00, Bottom band: 4.32,Top band: 7.48, Zamykam pozycjê po 229.67
2020-06-27, Kupione, 229.63
2020-06-27, Sentiment Value: 4.00, Bottom band: 4.32,Sprzedajemy po: 222.96
2020-06-28, Sprzedane, 222.91
2020-06-28, Google Sentiment Value: 5.00, Bottom band: 4.20,Top band: 7.40, Zamykam pozycjê po 225.35
2020-06-29, Kupione, 225.36
2020-07-05, Sentiment Value: 4.00, Bottom band: 4.33,Sprzedajemy po: 227.66
2020-07-06, Sprzedane, 227.69
2020-07-06, Google Sentiment Value: 4.00, Bottom band: 4.33,Top band: 6.07, Zamykam pozycjê po 241.51
2020-07-07, Kupione, 240.97
2020-07-07, Sentiment Value: 4.00, Bottom band: 4.33,Sprzedajemy po: 239.08
2020-07-08, Sprzedane, 239.16
2020-07-08, Google Sentiment Value: 4.00, Bottom band: 4.33,Top band: 6.07, Zamykam pozycjê po 246.67
2020-07-09, Kupione, 246.75
2020-07-09, Sentiment Value: 4.00, Bottom band: 4.33,Sprzedajemy po: 243.02
2020-07-10, Sprzedane, 242.87
2020-07-10, Google Sentiment Value: 4.00, Bottom band: 4.33,Top band: 6.07, Zamykam pozycjê po 240.98
2020-07-11, Kupione, 241.04
2020-07-11, Sentiment Value: 4.00, Bottom band: 4.33,Sprzedajemy po: 239.46
2020-07-12, Sprzedane, 239.46
2020-07-12, Google Sentiment Value: 5.00, Bottom band: 4.37,Top band: 5.63, Zamykam pozycjê po 242.13
2020-07-13, Kupione, 242.18
2020-07-19, Sentiment Value: 7.00, Top band: 6.07,Kupujemy po: 238.49
2020-07-20, Nie uda³o siê zrealizowaæ zamówienia
2020-07-20, Sentiment Value: 7.00, Top band: 6.07,Kupujemy po: 236.15
2020-07-21, Nie uda³o siê zrealizowaæ zamówienia
2020-07-21, Sentiment Value: 7.00, Top band: 6.07,Kupujemy po: 245.02
2020-07-22, Nie uda³o siê zrealizowaæ zamówienia
2020-07-22, Sentiment Value: 7.00, Top band: 6.07,Kupujemy po: 262.19
2020-07-23, Nie uda³o siê zrealizowaæ zamówienia
2020-07-23, Sentiment Value: 7.00, Top band: 6.07,Kupujemy po: 274.69
2020-07-24, Nie uda³o siê zrealizowaæ zamówienia
2020-07-24, Sentiment Value: 7.00, Top band: 6.07,Kupujemy po: 279.22
2020-07-25, Nie uda³o siê zrealizowaæ zamówienia
2020-07-25, Sentiment Value: 7.00, Top band: 6.07,Kupujemy po: 304.06
2020-07-26, Nie uda³o siê zrealizowaæ zamówienia
2020-07-26, Sentiment Value: 11.00, Top band: 7.65,Kupujemy po: 309.64
2020-07-27, Nie uda³o siê zrealizowaæ zamówienia
2020-07-27, Sentiment Value: 11.00, Top band: 7.65,Kupujemy po: 321.51
2020-07-28, Nie uda³o siê zrealizowaæ zamówienia
2020-07-28, Sentiment Value: 11.00, Top band: 7.65,Kupujemy po: 316.66
2020-07-29, Nie uda³o siê zrealizowaæ zamówienia
2020-07-29, Sentiment Value: 11.00, Top band: 7.65,Kupujemy po: 318.19
2020-07-30, Nie uda³o siê zrealizowaæ zamówienia
2020-07-30, Sentiment Value: 11.00, Top band: 7.65,Kupujemy po: 334.59
2020-07-31, Nie uda³o siê zrealizowaæ zamówienia
2020-07-31, Sentiment Value: 11.00, Top band: 7.65,Kupujemy po: 345.55
2020-08-01, Nie uda³o siê zrealizowaæ zamówienia
2020-08-01, Sentiment Value: 11.00, Top band: 7.65,Kupujemy po: 385.20
2020-08-02, Nie uda³o siê zrealizowaæ zamówienia
2020-08-02, Sentiment Value: 11.00, Top band: 8.79,Kupujemy po: 370.67
2020-08-03, Nie uda³o siê zrealizowaæ zamówienia
2020-08-03, Sentiment Value: 11.00, Top band: 8.79,Kupujemy po: 386.30
2020-08-04, Nie uda³o siê zrealizowaæ zamówienia
2020-08-04, Sentiment Value: 11.00, Top band: 8.79,Kupujemy po: 389.88
2020-08-05, Nie uda³o siê zrealizowaæ zamówienia
2020-08-05, Sentiment Value: 11.00, Top band: 8.79,Kupujemy po: 401.59
2020-08-06, Nie uda³o siê zrealizowaæ zamówienia
2020-08-06, Sentiment Value: 11.00, Top band: 8.79,Kupujemy po: 394.96
2020-08-07, Nie uda³o siê zrealizowaæ zamówienia
2020-08-07, Sentiment Value: 11.00, Top band: 8.79,Kupujemy po: 379.51
2020-08-08, Nie uda³o siê zrealizowaæ zamówienia
2020-08-08, Sentiment Value: 11.00, Top band: 8.79,Kupujemy po: 393.99
2020-08-09, Nie uda³o siê zrealizowaæ zamówienia
2020-08-09, Sentiment Value: 11.00, Top band: 9.66,Kupujemy po: 391.12
2020-08-10, Nie uda³o siê zrealizowaæ zamówienia
2020-08-10, Sentiment Value: 11.00, Top band: 9.66,Kupujemy po: 395.89
2020-08-11, Nie uda³o siê zrealizowaæ zamówienia
2020-08-11, Sentiment Value: 11.00, Top band: 9.66,Kupujemy po: 380.38
2020-08-12, Nie uda³o siê zrealizowaæ zamówienia
2020-08-12, Sentiment Value: 11.00, Top band: 9.66,Kupujemy po: 391.02
2020-08-13, Nie uda³o siê zrealizowaæ zamówienia
2020-08-13, Sentiment Value: 11.00, Top band: 9.66,Kupujemy po: 428.74
2020-08-14, Nie uda³o siê zrealizowaæ zamówienia
2020-08-14, Sentiment Value: 11.00, Top band: 9.66,Kupujemy po: 437.40
2020-08-15, Nie uda³o siê zrealizowaæ zamówienia
2020-08-15, Sentiment Value: 11.00, Top band: 9.66,Kupujemy po: 433.35
2020-08-16, Nie uda³o siê zrealizowaæ zamówienia
2020-08-30, Sentiment Value: 11.00, Top band: 10.76,Kupujemy po: 428.40
2020-08-31, Nie uda³o siê zrealizowaæ zamówienia
2020-08-31, Sentiment Value: 11.00, Top band: 10.76,Kupujemy po: 435.08
2020-09-01, Nie uda³o siê zrealizowaæ zamówienia
2020-09-01, Sentiment Value: 11.00, Top band: 10.76,Kupujemy po: 477.05
2020-09-02, Nie uda³o siê zrealizowaæ zamówienia
2020-09-02, Sentiment Value: 11.00, Top band: 10.76,Kupujemy po: 440.04
2020-09-03, Nie uda³o siê zrealizowaæ zamówienia
2020-09-03, Sentiment Value: 11.00, Top band: 10.76,Kupujemy po: 385.67
2020-09-04, Nie uda³o siê zrealizowaæ zamówienia
2020-09-04, Sentiment Value: 11.00, Top band: 10.76,Kupujemy po: 388.24
2020-09-05, Nie uda³o siê zrealizowaæ zamówienia
2020-09-05, Sentiment Value: 11.00, Top band: 10.76,Kupujemy po: 335.26
2020-09-06, Nie uda³o siê zrealizowaæ zamówienia
2020-09-27, Sentiment Value: 6.00, Bottom band: 6.65,Sprzedajemy po: 357.44
2020-09-28, Sprzedane, 357.93
2020-09-28, Google Sentiment Value: 6.00, Bottom band: 6.65,Top band: 10.75, Zamykam pozycjê po 355.16
2020-09-29, Kupione, 354.36
2020-09-29, Sentiment Value: 6.00, Bottom band: 6.65,Sprzedajemy po: 359.76
2020-09-30, Sprzedane, 360.04
2020-09-30, Google Sentiment Value: 6.00, Bottom band: 6.65,Top band: 10.75, Zamykam pozycjê po 359.94
2020-10-01, Kupione, 360.31
2020-10-01, Sentiment Value: 6.00, Bottom band: 6.65,Sprzedajemy po: 353.21
2020-10-02, Sprzedane, 352.95
2020-10-02, Google Sentiment Value: 6.00, Bottom band: 6.65,Top band: 10.75, Zamykam pozycjê po 346.24
2020-10-03, Kupione, 346.22
2020-10-03, Sentiment Value: 6.00, Bottom band: 6.65,Sprzedajemy po: 346.52
2020-10-04, Sprzedane, 346.60
2020-10-04, Google Sentiment Value: 6.00, Bottom band: 6.16,Top band: 10.24, Zamykam pozycjê po 352.58
2020-10-05, Kupione, 352.74
2020-10-05, Sentiment Value: 6.00, Bottom band: 6.16,Sprzedajemy po: 353.96
2020-10-06, Sprzedane, 353.96
2020-10-06, Google Sentiment Value: 6.00, Bottom band: 6.16,Top band: 10.24, Zamykam pozycjê po 340.82
2020-10-07, Kupione, 340.94
2020-10-07, Sentiment Value: 6.00, Bottom band: 6.16,Sprzedajemy po: 341.81
2020-10-08, Sprzedane, 342.04
2020-10-08, Google Sentiment Value: 6.00, Bottom band: 6.16,Top band: 10.24, Zamykam pozycjê po 350.77
2020-10-09, Kupione, 351.11
2020-10-09, Sentiment Value: 6.00, Bottom band: 6.16,Sprzedajemy po: 365.59
2020-10-10, Sprzedane, 365.40
2020-10-10, Google Sentiment Value: 6.00, Bottom band: 6.16,Top band: 10.24, Zamykam pozycjê po 370.97
2020-10-11, Kupione, 370.93
2020-11-01, Sentiment Value: 9.00, Top band: 8.80,Kupujemy po: 396.36
2020-11-02, Nie uda³o siê zrealizowaæ zamówienia
2020-11-02, Sentiment Value: 9.00, Top band: 8.80,Kupujemy po: 383.16
2020-11-03, Nie uda³o siê zrealizowaæ zamówienia
2020-11-03, Sentiment Value: 9.00, Top band: 8.80,Kupujemy po: 387.60
2020-11-04, Nie uda³o siê zrealizowaæ zamówienia
2020-11-04, Sentiment Value: 9.00, Top band: 8.80,Kupujemy po: 402.14
2020-11-05, Nie uda³o siê zrealizowaæ zamówienia
2020-11-05, Sentiment Value: 9.00, Top band: 8.80,Kupujemy po: 414.07
2020-11-06, Nie uda³o siê zrealizowaæ zamówienia
2020-11-06, Sentiment Value: 9.00, Top band: 8.80,Kupujemy po: 454.72
2020-11-07, Nie uda³o siê zrealizowaæ zamówienia
2020-11-07, Sentiment Value: 9.00, Top band: 8.80,Kupujemy po: 435.71
2020-11-08, Nie uda³o siê zrealizowaæ zamówienia
2020-11-08, Sentiment Value: 8.00, Top band: 7.94,Kupujemy po: 453.55
2020-11-09, Nie uda³o siê zrealizowaæ zamówienia
2020-11-09, Sentiment Value: 8.00, Top band: 7.94,Kupujemy po: 444.16
2020-11-10, Nie uda³o siê zrealizowaæ zamówienia
2020-11-10, Sentiment Value: 8.00, Top band: 7.94,Kupujemy po: 449.68
2020-11-11, Nie uda³o siê zrealizowaæ zamówienia
2020-11-11, Sentiment Value: 8.00, Top band: 7.94,Kupujemy po: 462.96
2020-11-12, Nie uda³o siê zrealizowaæ zamówienia
2020-11-12, Sentiment Value: 8.00, Top band: 7.94,Kupujemy po: 461.01
2020-11-13, Nie uda³o siê zrealizowaæ zamówienia
2020-11-13, Sentiment Value: 8.00, Top band: 7.94,Kupujemy po: 474.63
2020-11-14, Nie uda³o siê zrealizowaæ zamówienia
2020-11-14, Sentiment Value: 8.00, Top band: 7.94,Kupujemy po: 460.15
2020-11-15, Nie uda³o siê zrealizowaæ zamówienia
2020-11-15, Sentiment Value: 10.00, Top band: 8.47,Kupujemy po: 447.56
2020-11-16, Nie uda³o siê zrealizowaæ zamówienia
2020-11-16, Sentiment Value: 10.00, Top band: 8.47,Kupujemy po: 459.94
2020-11-17, Nie uda³o siê zrealizowaæ zamówienia
2020-11-17, Sentiment Value: 10.00, Top band: 8.47,Kupujemy po: 480.36
2020-11-18, Nie uda³o siê zrealizowaæ zamówienia
2020-11-18, Sentiment Value: 10.00, Top band: 8.47,Kupujemy po: 479.48
2020-11-19, Nie uda³o siê zrealizowaæ zamówienia
2020-11-19, Sentiment Value: 10.00, Top band: 8.47,Kupujemy po: 471.63
2020-11-20, Nie uda³o siê zrealizowaæ zamówienia
2020-11-20, Sentiment Value: 10.00, Top band: 8.47,Kupujemy po: 509.74
2020-11-21, Nie uda³o siê zrealizowaæ zamówienia
2020-11-21, Sentiment Value: 10.00, Top band: 8.47,Kupujemy po: 549.49
2020-11-22, Nie uda³o siê zrealizowaæ zamówienia
2020-11-22, Sentiment Value: 13.00, Top band: 9.94,Kupujemy po: 558.07
2020-11-23, Nie uda³o siê zrealizowaæ zamówienia
2020-11-23, Sentiment Value: 13.00, Top band: 9.94,Kupujemy po: 608.45
2020-11-24, Nie uda³o siê zrealizowaæ zamówienia
2020-11-24, Sentiment Value: 13.00, Top band: 9.94,Kupujemy po: 603.90
2020-11-25, Nie uda³o siê zrealizowaæ zamówienia
2020-11-25, Sentiment Value: 13.00, Top band: 9.94,Kupujemy po: 570.69
2020-11-26, Nie uda³o siê zrealizowaæ zamówienia
2020-11-26, Sentiment Value: 13.00, Top band: 9.94,Kupujemy po: 518.80
2020-11-27, Nie uda³o siê zrealizowaæ zamówienia
2020-11-27, Sentiment Value: 13.00, Top band: 9.94,Kupujemy po: 517.49
2020-11-28, Nie uda³o siê zrealizowaæ zamówienia
2020-11-28, Sentiment Value: 13.00, Top band: 9.94,Kupujemy po: 538.23
2020-11-29, Nie uda³o siê zrealizowaæ zamówienia
2020-12-13, Sentiment Value: 12.00, Top band: 11.16,Kupujemy po: 589.66
2020-12-14, Nie uda³o siê zrealizowaæ zamówienia
2020-12-14, Sentiment Value: 12.00, Top band: 11.16,Kupujemy po: 586.01
2020-12-15, Nie uda³o siê zrealizowaæ zamówienia
2020-12-15, Sentiment Value: 12.00, Top band: 11.16,Kupujemy po: 589.36
2020-12-16, Nie uda³o siê zrealizowaæ zamówienia
2020-12-16, Sentiment Value: 12.00, Top band: 11.16,Kupujemy po: 636.18
2020-12-17, Nie uda³o siê zrealizowaæ zamówienia
2020-12-17, Sentiment Value: 12.00, Top band: 11.16,Kupujemy po: 642.87
2020-12-18, Nie uda³o siê zrealizowaæ zamówienia
2020-12-18, Sentiment Value: 12.00, Top band: 11.16,Kupujemy po: 654.81
2020-12-19, Nie uda³o siê zrealizowaæ zamówienia
2020-12-19, Sentiment Value: 12.00, Top band: 11.16,Kupujemy po: 659.30
2020-12-20, Nie uda³o siê zrealizowaæ zamówienia
2020-12-20, Sentiment Value: 15.00, Top band: 12.49,Kupujemy po: 638.29
2020-12-21, Nie uda³o siê zrealizowaæ zamówienia
2020-12-21, Sentiment Value: 15.00, Top band: 12.49,Kupujemy po: 609.82
2020-12-22, Nie uda³o siê zrealizowaæ zamówienia
2020-12-22, Sentiment Value: 15.00, Top band: 12.49,Kupujemy po: 634.85
2020-12-23, Nie uda³o siê zrealizowaæ zamówienia
2020-12-23, Sentiment Value: 15.00, Top band: 12.49,Kupujemy po: 583.71
2020-12-24, Nie uda³o siê zrealizowaæ zamówienia
2020-12-24, Sentiment Value: 15.00, Top band: 12.49,Kupujemy po: 611.61
2020-12-25, Nie uda³o siê zrealizowaæ zamówienia
2020-12-25, Sentiment Value: 15.00, Top band: 12.49,Kupujemy po: 626.41
2020-12-26, Nie uda³o siê zrealizowaæ zamówienia
2020-12-26, Sentiment Value: 15.00, Top band: 12.49,Kupujemy po: 635.84
2020-12-27, Nie uda³o siê zrealizowaæ zamówienia
2020-12-27, Sentiment Value: 24.00, Top band: 16.36,Kupujemy po: 682.64
2020-12-28, Nie uda³o siê zrealizowaæ zamówienia
2020-12-28, Sentiment Value: 24.00, Top band: 16.36,Kupujemy po: 730.40
2020-12-29, Nie uda³o siê zrealizowaæ zamówienia
2020-12-29, Sentiment Value: 24.00, Top band: 16.36,Kupujemy po: 731.52
2020-12-30, Nie uda³o siê zrealizowaæ zamówienia
2020-12-30, Sentiment Value: 24.00, Top band: 16.36,Kupujemy po: 751.62
2020-12-31, Nie uda³o siê zrealizowaæ zamówienia
2020-12-31, Sentiment Value: 24.00, Top band: 16.36,Kupujemy po: 737.80
2021-01-01, Nie uda³o siê zrealizowaæ zamówienia
2021-01-01, Sentiment Value: 24.00, Top band: 16.36,Kupujemy po: 730.37
2021-01-02, Nie uda³o siê zrealizowaæ zamówienia
2021-01-02, Sentiment Value: 24.00, Top band: 16.36,Kupujemy po: 774.53
2021-01-03, Nie uda³o siê zrealizowaæ zamówienia
2021-01-03, Sentiment Value: 60.00, Top band: 31.96,Kupujemy po: 975.51
2021-01-04, Nie uda³o siê zrealizowaæ zamówienia
2021-01-04, Sentiment Value: 60.00, Top band: 31.96,Kupujemy po: 1040.23
2021-01-05, Nie uda³o siê zrealizowaæ zamówienia
2021-01-05, Sentiment Value: 60.00, Top band: 31.96,Kupujemy po: 1100.01
2021-01-06, Nie uda³o siê zrealizowaæ zamówienia
2021-01-06, Sentiment Value: 60.00, Top band: 31.96,Kupujemy po: 1207.11
2021-01-07, Nie uda³o siê zrealizowaæ zamówienia
2021-01-07, Sentiment Value: 60.00, Top band: 31.96,Kupujemy po: 1225.68
2021-01-08, Nie uda³o siê zrealizowaæ zamówienia
2021-01-08, Sentiment Value: 60.00, Top band: 31.96,Kupujemy po: 1224.20
2021-01-09, Nie uda³o siê zrealizowaæ zamówienia
2021-01-09, Sentiment Value: 60.00, Top band: 31.96,Kupujemy po: 1281.08
2021-01-10, Nie uda³o siê zrealizowaæ zamówienia
2021-01-10, Sentiment Value: 52.00, Top band: 39.23,Kupujemy po: 1262.25
2021-01-11, Nie uda³o siê zrealizowaæ zamówienia
2021-01-11, Sentiment Value: 52.00, Top band: 39.23,Kupujemy po: 1090.15
2021-01-12, Nie uda³o siê zrealizowaæ zamówienia
2021-01-12, Sentiment Value: 52.00, Top band: 39.23,Kupujemy po: 1043.43
2021-01-13, Nie uda³o siê zrealizowaæ zamówienia
2021-01-13, Sentiment Value: 52.00, Top band: 39.23,Kupujemy po: 1130.74
2021-01-14, Nie uda³o siê zrealizowaæ zamówienia
2021-01-14, Sentiment Value: 52.00, Top band: 39.23,Kupujemy po: 1218.45
2021-01-15, Nie uda³o siê zrealizowaæ zamówienia
2021-01-15, Sentiment Value: 52.00, Top band: 39.23,Kupujemy po: 1171.83
2021-01-16, Nie uda³o siê zrealizowaæ zamówienia
2021-01-16, Sentiment Value: 52.00, Top band: 39.23,Kupujemy po: 1233.54
2021-01-17, Nie uda³o siê zrealizowaæ zamówienia
2021-01-17, Sentiment Value: 47.00, Top band: 44.05,Kupujemy po: 1230.17
2021-01-18, Nie uda³o siê zrealizowaæ zamówienia
2021-01-18, Sentiment Value: 47.00, Top band: 44.05,Kupujemy po: 1257.28
2021-01-19, Nie uda³o siê zrealizowaæ zamówienia
2021-01-19, Sentiment Value: 47.00, Top band: 44.05,Kupujemy po: 1377.30
2021-01-20, Nie uda³o siê zrealizowaæ zamówienia
2021-01-20, Sentiment Value: 47.00, Top band: 44.05,Kupujemy po: 1382.27
2021-01-21, Nie uda³o siê zrealizowaæ zamówienia
2021-01-21, Sentiment Value: 47.00, Top band: 44.05,Kupujemy po: 1121.57
2021-01-22, Nie uda³o siê zrealizowaæ zamówienia
2021-01-22, Sentiment Value: 47.00, Top band: 44.05,Kupujemy po: 1236.51
2021-01-23, Nie uda³o siê zrealizowaæ zamówienia
2021-01-23, Sentiment Value: 47.00, Top band: 44.05,Kupujemy po: 1230.99
2021-01-24, Nie uda³o siê zrealizowaæ zamówienia
2021-01-31, Sentiment Value: 58.00, Top band: 52.93,Kupujemy po: 1314.99
2021-02-01, Nie uda³o siê zrealizowaæ zamówienia
2021-02-01, Sentiment Value: 58.00, Top band: 52.93,Kupujemy po: 1369.04
2021-02-02, Nie uda³o siê zrealizowaæ zamówienia
2021-02-02, Sentiment Value: 58.00, Top band: 52.93,Kupujemy po: 1515.19
2021-02-03, Nie uda³o siê zrealizowaæ zamówienia
2021-02-03, Sentiment Value: 58.00, Top band: 52.93,Kupujemy po: 1660.91
2021-02-04, Nie uda³o siê zrealizowaæ zamówienia
2021-02-04, Sentiment Value: 58.00, Top band: 52.93,Kupujemy po: 1594.76
2021-02-05, Nie uda³o siê zrealizowaæ zamówienia
2021-02-05, Sentiment Value: 58.00, Top band: 52.93,Kupujemy po: 1718.65
2021-02-06, Nie uda³o siê zrealizowaæ zamówienia
2021-02-06, Sentiment Value: 58.00, Top band: 52.93,Kupujemy po: 1677.85
2021-02-07, Nie uda³o siê zrealizowaæ zamówienia
2021-02-07, Sentiment Value: 61.00, Top band: 58.04,Kupujemy po: 1614.23
2021-02-08, Nie uda³o siê zrealizowaæ zamówienia
2021-02-08, Sentiment Value: 61.00, Top band: 58.04,Kupujemy po: 1746.62
2021-02-09, Nie uda³o siê zrealizowaæ zamówienia
2021-02-09, Sentiment Value: 61.00, Top band: 58.04,Kupujemy po: 1768.04
2021-02-10, Nie uda³o siê zrealizowaæ zamówienia
2021-02-10, Sentiment Value: 61.00, Top band: 58.04,Kupujemy po: 1744.24
2021-02-11, Nie uda³o siê zrealizowaæ zamówienia
2021-02-11, Sentiment Value: 61.00, Top band: 58.04,Kupujemy po: 1783.80
2021-02-12, Nie uda³o siê zrealizowaæ zamówienia
2021-02-12, Sentiment Value: 61.00, Top band: 58.04,Kupujemy po: 1843.53
2021-02-13, Nie uda³o siê zrealizowaæ zamówienia
2021-02-13, Sentiment Value: 61.00, Top band: 58.04,Kupujemy po: 1814.11
2021-02-14, Nie uda³o siê zrealizowaæ zamówienia
2021-02-14, Sentiment Value: 62.00, Top band: 61.84,Kupujemy po: 1805.08
2021-02-15, Nie uda³o siê zrealizowaæ zamówienia
2021-02-15, Sentiment Value: 62.00, Top band: 61.84,Kupujemy po: 1779.79
2021-02-16, Nie uda³o siê zrealizowaæ zamówienia
2021-02-16, Sentiment Value: 62.00, Top band: 61.84,Kupujemy po: 1781.07
2021-02-17, Nie uda³o siê zrealizowaæ zamówienia
2021-02-17, Sentiment Value: 62.00, Top band: 61.84,Kupujemy po: 1848.46
2021-02-18, Nie uda³o siê zrealizowaæ zamówienia
2021-02-18, Sentiment Value: 62.00, Top band: 61.84,Kupujemy po: 1937.45
2021-02-19, Nie uda³o siê zrealizowaæ zamówienia
2021-02-19, Sentiment Value: 62.00, Top band: 61.84,Kupujemy po: 1960.16
2021-02-20, Nie uda³o siê zrealizowaæ zamówienia
2021-02-20, Sentiment Value: 62.00, Top band: 61.84,Kupujemy po: 1919.53
2021-02-21, Nie uda³o siê zrealizowaæ zamówienia
2021-02-21, Sentiment Value: 68.00, Top band: 65.45,Kupujemy po: 1935.60
2021-02-22, Nie uda³o siê zrealizowaæ zamówienia
2021-02-22, Sentiment Value: 68.00, Top band: 65.45,Kupujemy po: 1781.99
2021-02-23, Nie uda³o siê zrealizowaæ zamówienia
2021-02-23, Sentiment Value: 68.00, Top band: 65.45,Kupujemy po: 1570.20
2021-02-24, Nie uda³o siê zrealizowaæ zamówienia
2021-02-24, Sentiment Value: 68.00, Top band: 65.45,Kupujemy po: 1626.58
2021-02-25, Nie uda³o siê zrealizowaæ zamówienia
2021-02-25, Sentiment Value: 68.00, Top band: 65.45,Kupujemy po: 1475.70
2021-02-26, Nie uda³o siê zrealizowaæ zamówienia
2021-02-26, Sentiment Value: 68.00, Top band: 65.45,Kupujemy po: 1446.03
2021-02-27, Nie uda³o siê zrealizowaæ zamówienia
2021-02-27, Sentiment Value: 68.00, Top band: 65.45,Kupujemy po: 1459.97
2021-02-28, Nie uda³o siê zrealizowaæ zamówienia
2021-03-07, Sentiment Value: 43.00, Bottom band: 45.11,Sprzedajemy po: 1723.15
2021-03-08, Sprzedane, 1724.23
2021-03-08, Google Sentiment Value: 43.00, Bottom band: 45.11,Top band: 62.49, Zamykam pozycjê po 1834.73
2021-03-09, Kupione, 1835.15
2021-03-09, Sentiment Value: 43.00, Bottom band: 45.11,Sprzedajemy po: 1868.05
2021-03-10, Sprzedane, 1868.49
2021-03-10, Google Sentiment Value: 43.00, Bottom band: 45.11,Top band: 62.49, Zamykam pozycjê po 1799.17
2021-03-11, Kupione, 1798.03
2021-03-11, Sentiment Value: 43.00, Bottom band: 45.11,Sprzedajemy po: 1826.19
2021-03-12, Sprzedane, 1826.55
2021-03-12, Google Sentiment Value: 43.00, Bottom band: 45.11,Top band: 62.49, Zamykam pozycjê po 1772.10
2021-03-13, Kupione, 1772.17
2021-03-13, Sentiment Value: 43.00, Bottom band: 45.11,Sprzedajemy po: 1924.69
2021-03-14, Sprzedane, 1923.86
2021-03-14, Google Sentiment Value: 36.00, Bottom band: 41.52,Top band: 61.28, Zamykam pozycjê po 1854.56
2021-03-15, Kupione, 1854.09
2021-03-15, Sentiment Value: 36.00, Bottom band: 41.52,Sprzedajemy po: 1791.70
2021-03-16, Sprzedane, 1792.41
2021-03-16, Google Sentiment Value: 36.00, Bottom band: 41.52,Top band: 61.28, Zamykam pozycjê po 1806.97
2021-03-17, Kupione, 1807.06
2021-03-17, Sentiment Value: 36.00, Bottom band: 41.52,Sprzedajemy po: 1823.45
2021-03-18, Sprzedane, 1823.16
2021-03-18, Google Sentiment Value: 36.00, Bottom band: 41.52,Top band: 61.28, Zamykam pozycjê po 1782.86
2021-03-19, Kupione, 1782.57
2021-03-19, Sentiment Value: 36.00, Bottom band: 41.52,Sprzedajemy po: 1817.62
2021-03-20, Sprzedane, 1817.52
2021-03-20, Google Sentiment Value: 36.00, Bottom band: 41.52,Top band: 61.28, Zamykam pozycjê po 1812.63
2021-03-21, Kupione, 1812.61
2021-03-21, Sentiment Value: 34.00, Bottom band: 38.44,Sprzedajemy po: 1788.22
2021-03-22, Sprzedane, 1788.36
2021-03-22, Google Sentiment Value: 34.00, Bottom band: 38.44,Top band: 60.76, Zamykam pozycjê po 1691.33
2021-03-23, Kupione, 1690.87
2021-03-23, Sentiment Value: 34.00, Bottom band: 38.44,Sprzedajemy po: 1678.65
2021-03-24, Sprzedane, 1678.00
2021-03-24, Google Sentiment Value: 34.00, Bottom band: 38.44,Top band: 60.76, Zamykam pozycjê po 1593.41
2021-03-25, Kupione, 1593.12
2021-03-25, Sentiment Value: 34.00, Bottom band: 38.44,Sprzedajemy po: 1595.36
2021-03-26, Sprzedane, 1595.21
2021-03-26, Google Sentiment Value: 34.00, Bottom band: 38.44,Top band: 60.76, Zamykam pozycjê po 1702.84
2021-03-27, Kupione, 1703.04
2021-03-27, Sentiment Value: 34.00, Bottom band: 38.44,Sprzedajemy po: 1716.49
2021-03-28, Sprzedane, 1716.41
2021-03-28, Google Sentiment Value: 48.00, Bottom band: 38.56,Top band: 60.84, Zamykam pozycjê po 1691.36
2021-03-29, Kupione, 1691.26
2021-05-02, Sentiment Value: 86.00, Top band: 62.11,Kupujemy po: 2952.06
2021-05-03, Nie uda³o siê zrealizowaæ zamówienia
2021-05-03, Sentiment Value: 86.00, Top band: 62.11,Kupujemy po: 3431.09
2021-05-04, Nie uda³o siê zrealizowaæ zamówienia
2021-05-04, Sentiment Value: 86.00, Top band: 62.11,Kupujemy po: 3253.63
2021-05-05, Nie uda³o siê zrealizowaæ zamówienia
2021-05-05, Sentiment Value: 86.00, Top band: 62.11,Kupujemy po: 3522.78
2021-05-06, Nie uda³o siê zrealizowaæ zamówienia
2021-05-06, Sentiment Value: 86.00, Top band: 62.11,Kupujemy po: 3490.88
2021-05-07, Nie uda³o siê zrealizowaæ zamówienia
2021-05-07, Sentiment Value: 86.00, Top band: 62.11,Kupujemy po: 3484.73
2021-05-08, Nie uda³o siê zrealizowaæ zamówienia
2021-05-08, Sentiment Value: 86.00, Top band: 62.11,Kupujemy po: 3902.65
2021-05-09, Nie uda³o siê zrealizowaæ zamówienia
2021-05-09, Sentiment Value: 99.00, Top band: 74.19,Kupujemy po: 3928.84
2021-05-10, Nie uda³o siê zrealizowaæ zamówienia
2021-05-10, Sentiment Value: 99.00, Top band: 74.19,Kupujemy po: 3952.29
2021-05-11, Nie uda³o siê zrealizowaæ zamówienia
2021-05-11, Sentiment Value: 99.00, Top band: 74.19,Kupujemy po: 4168.70
2021-05-12, Nie uda³o siê zrealizowaæ zamówienia
2021-05-12, Sentiment Value: 99.00, Top band: 74.19,Kupujemy po: 3785.85
2021-05-13, Nie uda³o siê zrealizowaæ zamówienia
2021-05-13, Sentiment Value: 99.00, Top band: 74.19,Kupujemy po: 3715.15
2021-05-14, Nie uda³o siê zrealizowaæ zamówienia
2021-05-14, Sentiment Value: 99.00, Top band: 74.19,Kupujemy po: 4079.06
2021-05-15, Nie uda³o siê zrealizowaæ zamówienia
2021-05-15, Sentiment Value: 99.00, Top band: 74.19,Kupujemy po: 3638.12
2021-05-16, Nie uda³o siê zrealizowaæ zamówienia
2021-05-16, Sentiment Value: 100.00, Top band: 83.68,Kupujemy po: 3587.51
2021-05-17, Nie uda³o siê zrealizowaæ zamówienia
2021-05-17, Sentiment Value: 100.00, Top band: 83.68,Kupujemy po: 3282.40
2021-05-18, Nie uda³o siê zrealizowaæ zamówienia
2021-05-18, Sentiment Value: 100.00, Top band: 83.68,Kupujemy po: 3380.07
2021-05-19, Nie uda³o siê zrealizowaæ zamówienia
2021-05-19, Sentiment Value: 100.00, Top band: 83.68,Kupujemy po: 2460.68
2021-05-20, Nie uda³o siê zrealizowaæ zamówienia
2021-05-20, Sentiment Value: 100.00, Top band: 83.68,Kupujemy po: 2784.29
2021-05-21, Nie uda³o siê zrealizowaæ zamówienia
2021-05-21, Sentiment Value: 100.00, Top band: 83.68,Kupujemy po: 2430.62
2021-05-22, Nie uda³o siê zrealizowaæ zamówienia
2021-05-22, Sentiment Value: 100.00, Top band: 83.68,Kupujemy po: 2295.71
2021-05-23, Nie uda³o siê zrealizowaæ zamówienia
2021-06-06, Sentiment Value: 37.00, Bottom band: 41.65,Sprzedajemy po: 2715.09
2021-06-07, Sprzedane, 2713.05
2021-06-07, Google Sentiment Value: 37.00, Bottom band: 41.65,Top band: 86.15, Zamykam pozycjê po 2590.26
2021-06-08, Kupione, 2594.60
2021-06-08, Sentiment Value: 37.00, Bottom band: 41.65,Sprzedajemy po: 2517.44
2021-06-09, Sprzedane, 2510.20
2021-06-09, Google Sentiment Value: 37.00, Bottom band: 41.65,Top band: 86.15, Zamykam pozycjê po 2608.27
2021-06-10, Kupione, 2611.14
2021-06-10, Sentiment Value: 37.00, Bottom band: 41.65,Sprzedajemy po: 2471.52
2021-06-11, Sprzedane, 2472.86
2021-06-11, Google Sentiment Value: 37.00, Bottom band: 41.65,Top band: 86.15, Zamykam pozycjê po 2353.77
2021-06-12, Kupione, 2354.75
2021-06-12, Sentiment Value: 37.00, Bottom band: 41.65,Sprzedajemy po: 2372.48
2021-06-13, Sprzedane, 2372.69
2021-06-13, Google Sentiment Value: 37.00, Bottom band: 40.61,Top band: 86.19, Zamykam pozycjê po 2508.39
2021-06-14, Kupione, 2508.77
2021-06-14, Sentiment Value: 37.00, Bottom band: 40.61,Sprzedajemy po: 2537.89
2021-06-15, Sprzedane, 2587.76
2021-06-15, Google Sentiment Value: 37.00, Bottom band: 40.61,Top band: 86.19, Zamykam pozycjê po 2610.94
2021-06-16, Kupione, 2544.86
2021-06-16, Sentiment Value: 37.00, Bottom band: 40.61,Sprzedajemy po: 2367.66
2021-06-17, Sprzedane, 2367.31
2021-06-17, Google Sentiment Value: 37.00, Bottom band: 40.61,Top band: 86.19, Zamykam pozycjê po 2372.00
2021-06-18, Kupione, 2374.59
2021-06-18, Sentiment Value: 37.00, Bottom band: 40.61,Sprzedajemy po: 2231.73
2021-06-19, Sprzedane, 2235.16
2021-06-19, Google Sentiment Value: 37.00, Bottom band: 40.61,Top band: 86.19, Zamykam pozycjê po 2178.50
2021-06-20, Kupione, 2171.34
2021-06-20, Sentiment Value: 36.00, Bottom band: 37.89,Sprzedajemy po: 2246.36
2021-06-21, Sprzedane, 2245.32
2021-06-21, Google Sentiment Value: 36.00, Bottom band: 37.89,Top band: 85.91, Zamykam pozycjê po 1888.45
2021-06-22, Kupione, 1886.67
2021-06-22, Sentiment Value: 36.00, Bottom band: 37.89,Sprzedajemy po: 1874.95
2021-06-23, Sprzedane, 1878.62
2021-06-23, Google Sentiment Value: 36.00, Bottom band: 37.89,Top band: 85.91, Zamykam pozycjê po 1989.74
2021-06-24, Kupione, 1968.96
2021-06-24, Sentiment Value: 36.00, Bottom band: 37.89,Sprzedajemy po: 1988.46
2021-06-25, Sprzedane, 1989.22
2021-06-25, Google Sentiment Value: 36.00, Bottom band: 37.89,Top band: 85.91, Zamykam pozycjê po 1813.22
2021-06-26, Kupione, 1810.88
2021-06-26, Sentiment Value: 36.00, Bottom band: 37.89,Sprzedajemy po: 1829.24
2021-06-27, Sprzedane, 1831.00
2021-06-27, Google Sentiment Value: 36.00, Bottom band: 35.59,Top band: 85.61, Zamykam pozycjê po 1978.89
2021-06-28, Kupione, 1981.39
2021-07-04, Sentiment Value: 32.00, Bottom band: 32.35,Sprzedajemy po: 2321.72
2021-07-05, Sprzedane, 2321.92
2021-07-05, Google Sentiment Value: 32.00, Bottom band: 32.35,Top band: 85.05, Zamykam pozycjê po 2198.58
2021-07-06, Kupione, 2197.92
2021-07-06, Sentiment Value: 32.00, Bottom band: 32.35,Sprzedajemy po: 2324.68
2021-07-07, Sprzedane, 2323.21
2021-07-07, Google Sentiment Value: 32.00, Bottom band: 32.35,Top band: 85.05, Zamykam pozycjê po 2315.16
2021-07-08, Kupione, 2317.95
2021-07-08, Sentiment Value: 32.00, Bottom band: 32.35,Sprzedajemy po: 2120.03
2021-07-09, Sprzedane, 2115.57
2021-07-09, Google Sentiment Value: 32.00, Bottom band: 32.35,Top band: 85.05, Zamykam pozycjê po 2146.69
2021-07-10, Kupione, 2147.00
2021-07-10, Sentiment Value: 32.00, Bottom band: 32.35,Sprzedajemy po: 2111.40
2021-07-11, Sprzedane, 2110.88
2021-07-11, Google Sentiment Value: 30.00, Bottom band: 27.20,Top band: 79.00, Zamykam pozycjê po 2139.66
2021-07-12, Kupione, 2140.51
2021-08-01, Sentiment Value: 55.00, Top band: 46.68,Kupujemy po: 2561.85
2021-08-02, Nie uda³o siê zrealizowaæ zamówienia
2021-08-02, Sentiment Value: 55.00, Top band: 46.68,Kupujemy po: 2610.15
2021-08-03, Nie uda³o siê zrealizowaæ zamówienia
2021-08-03, Sentiment Value: 55.00, Top band: 46.68,Kupujemy po: 2502.35
2021-08-04, Nie uda³o siê zrealizowaæ zamówienia
2021-08-04, Sentiment Value: 55.00, Top band: 46.68,Kupujemy po: 2724.62
2021-08-05, Nie uda³o siê zrealizowaæ zamówienia
2021-08-05, Sentiment Value: 55.00, Top band: 46.68,Kupujemy po: 2827.33
2021-08-06, Nie uda³o siê zrealizowaæ zamówienia
2021-08-06, Sentiment Value: 55.00, Top band: 46.68,Kupujemy po: 2890.94
2021-08-07, Nie uda³o siê zrealizowaæ zamówienia
2021-08-07, Sentiment Value: 55.00, Top band: 46.68,Kupujemy po: 3157.24
2021-08-08, Nie uda³o siê zrealizowaæ zamówienia
2021-08-08, Sentiment Value: 52.00, Top band: 46.41,Kupujemy po: 3013.73
2021-08-09, Nie uda³o siê zrealizowaæ zamówienia
2021-08-09, Sentiment Value: 52.00, Top band: 46.41,Kupujemy po: 3167.86
2021-08-10, Nie uda³o siê zrealizowaæ zamówienia
2021-08-10, Sentiment Value: 52.00, Top band: 46.41,Kupujemy po: 3141.69
2021-08-11, Nie uda³o siê zrealizowaæ zamówienia
2021-08-11, Sentiment Value: 52.00, Top band: 46.41,Kupujemy po: 3164.25
2021-08-12, Nie uda³o siê zrealizowaæ zamówienia
2021-08-12, Sentiment Value: 52.00, Top band: 46.41,Kupujemy po: 3043.41
2021-08-13, Nie uda³o siê zrealizowaæ zamówienia
2021-08-13, Sentiment Value: 52.00, Top band: 46.41,Kupujemy po: 3322.21
2021-08-14, Nie uda³o siê zrealizowaæ zamówienia
2021-08-14, Sentiment Value: 52.00, Top band: 46.41,Kupujemy po: 3265.44
2021-08-15, Nie uda³o siê zrealizowaæ zamówienia
2021-09-26, Sentiment Value: 34.00, Bottom band: 35.88,Sprzedajemy po: 3062.27
2021-09-27, Sprzedane, 3065.84
2021-09-27, Google Sentiment Value: 34.00, Bottom band: 35.88,Top band: 49.12, Zamykam pozycjê po 2934.14
2021-09-28, Kupione, 2928.96
2021-09-28, Sentiment Value: 34.00, Bottom band: 35.88,Sprzedajemy po: 2807.30
2021-09-29, Sprzedane, 2809.30
2021-09-29, Google Sentiment Value: 34.00, Bottom band: 35.88,Top band: 49.12, Zamykam pozycjê po 2853.14
2021-09-30, Kupione, 2852.56
2021-09-30, Sentiment Value: 34.00, Bottom band: 35.88,Sprzedajemy po: 3001.68
2021-10-01, Sprzedane, 3001.13
2021-10-01, Google Sentiment Value: 34.00, Bottom band: 35.88,Top band: 49.12, Zamykam pozycjê po 3307.52
2021-10-02, Kupione, 3308.87
2021-10-02, Sentiment Value: 34.00, Bottom band: 35.88,Sprzedajemy po: 3391.69
2021-10-03, Sprzedane, 3390.77
2021-10-03, Google Sentiment Value: 39.00, Bottom band: 36.04,Top band: 49.16, Zamykam pozycjê po 3418.36
2021-10-04, Kupione, 3418.78
2021-10-17, Sentiment Value: 47.00, Top band: 44.87,Kupujemy po: 3847.10
2021-10-18, Nie uda³o siê zrealizowaæ zamówienia
2021-10-18, Sentiment Value: 47.00, Top band: 44.87,Kupujemy po: 3748.76
2021-10-19, Nie uda³o siê zrealizowaæ zamówienia
2021-10-19, Sentiment Value: 47.00, Top band: 44.87,Kupujemy po: 3877.65
2021-10-20, Nie uda³o siê zrealizowaæ zamówienia
2021-10-20, Sentiment Value: 47.00, Top band: 44.87,Kupujemy po: 4155.99
2021-10-21, Nie uda³o siê zrealizowaæ zamówienia
2021-10-21, Sentiment Value: 47.00, Top band: 44.87,Kupujemy po: 4054.32
2021-10-22, Nie uda³o siê zrealizowaæ zamówienia
2021-10-22, Sentiment Value: 47.00, Top band: 44.87,Kupujemy po: 3970.18
2021-10-23, Nie uda³o siê zrealizowaæ zamówienia
2021-10-23, Sentiment Value: 47.00, Top band: 44.87,Kupujemy po: 4171.66
2021-10-24, Nie uda³o siê zrealizowaæ zamówienia
2021-10-24, Sentiment Value: 48.00, Top band: 46.20,Kupujemy po: 4087.90
2021-10-25, Nie uda³o siê zrealizowaæ zamówienia
2021-10-25, Sentiment Value: 48.00, Top band: 46.20,Kupujemy po: 4217.88
2021-10-26, Nie uda³o siê zrealizowaæ zamówienia
2021-10-26, Sentiment Value: 48.00, Top band: 46.20,Kupujemy po: 4131.10
2021-10-27, Nie uda³o siê zrealizowaæ zamówienia
2021-10-27, Sentiment Value: 48.00, Top band: 46.20,Kupujemy po: 3930.26
2021-10-28, Nie uda³o siê zrealizowaæ zamówienia
2021-10-28, Sentiment Value: 48.00, Top band: 46.20,Kupujemy po: 4287.32
2021-10-29, Nie uda³o siê zrealizowaæ zamówienia
2021-10-29, Sentiment Value: 48.00, Top band: 46.20,Kupujemy po: 4414.75
2021-10-30, Nie uda³o siê zrealizowaæ zamówienia
2021-10-30, Sentiment Value: 48.00, Top band: 46.20,Kupujemy po: 4325.65
2021-10-31, Nie uda³o siê zrealizowaæ zamówienia
2021-11-07, Sentiment Value: 52.00, Top band: 48.66,Kupujemy po: 4620.55
2021-11-08, Nie uda³o siê zrealizowaæ zamówienia
2021-11-08, Sentiment Value: 52.00, Top band: 48.66,Kupujemy po: 4812.09
2021-11-09, Nie uda³o siê zrealizowaæ zamówienia
2021-11-09, Sentiment Value: 52.00, Top band: 48.66,Kupujemy po: 4735.07
2021-11-10, Nie uda³o siê zrealizowaæ zamówienia
2021-11-10, Sentiment Value: 52.00, Top band: 48.66,Kupujemy po: 4636.17
2021-11-11, Nie uda³o siê zrealizowaæ zamówienia
2021-11-11, Sentiment Value: 52.00, Top band: 48.66,Kupujemy po: 4730.38
2021-11-12, Nie uda³o siê zrealizowaæ zamówienia
2021-11-12, Sentiment Value: 52.00, Top band: 48.66,Kupujemy po: 4667.12
2021-11-13, Nie uda³o siê zrealizowaæ zamówienia
2021-11-13, Sentiment Value: 52.00, Top band: 48.66,Kupujemy po: 4651.46
2021-11-14, Nie uda³o siê zrealizowaæ zamówienia
2021-12-19, Sentiment Value: 40.00, Bottom band: 43.05,Sprzedajemy po: 3922.59
2021-12-20, Sprzedane, 3923.70
2021-12-20, Google Sentiment Value: 40.00, Bottom band: 43.05,Top band: 49.75, Zamykam pozycjê po 3933.84
2021-12-21, Kupione, 3938.46
2021-12-21, Sentiment Value: 40.00, Bottom band: 43.05,Sprzedajemy po: 4020.26
2021-12-22, Sprzedane, 4018.70
2021-12-22, Google Sentiment Value: 40.00, Bottom band: 43.05,Top band: 49.75, Zamykam pozycjê po 3982.10
2021-12-23, Kupione, 3981.96
2021-12-23, Sentiment Value: 40.00, Bottom band: 43.05,Sprzedajemy po: 4108.02
2021-12-24, Sprzedane, 4111.35
2021-12-24, Google Sentiment Value: 40.00, Bottom band: 43.05,Top band: 49.75, Zamykam pozycjê po 4047.98
2021-12-25, Kupione, 4049.78
2021-12-25, Sentiment Value: 40.00, Bottom band: 43.05,Sprzedajemy po: 4093.28
2021-12-26, Sprzedane, 4094.15
2021-12-26, Google Sentiment Value: 44.00, Bottom band: 42.68,Top band: 49.52, Zamykam pozycjê po 4067.33
2021-12-27, Kupione, 4064.75
